Date of analysis,Country,Total country population,Level 1,Current from,Current to,Population analyzed current,Phase 3+ number current,Phase 3+ percentage current,Phase 1 number current,Phase 1 percentage current,Phase 2 number current,Phase 2 percentage current,Phase 3 number current,Phase 3 percentage current,Phase 4 number current,Phase 4 percentage current,Phase 5 number current,Phase 5 percentage current,First projection from,First projection to,Population analyzed first projection,Phase 3+ number first projection,Phase 3+ percentage first projection,Phase 1 number first projection,Phase 1 percentage first projection,Phase 2 number first projection,Phase 2 percentage first projection,Phase 3 number first projection,Phase 3 percentage first projection,Phase 4 number first projection,Phase 4 percentage first projection,Phase 5 number first projection,Phase 5 percentage first projection,Second projection from,Second projection to,Population analyzed second projection,Phase 3+ number second projection,Phase 3+ percentage second projection,Phase 1 number second projection,Phase 1 percentage second projection,Phase 2 number second projection,Phase 2 percentage second projection,Phase 3 number second projection,Phase 3 percentage second projection,Phase 4 number second projection,Phase 4 percentage second projection,Phase 5 number second projection,Phase 5 percentage second projection
#date+analysis,#country+code,#population,#loc+level1,#date+start+current,#date+end+current,#affected+num+ipc+current+total,#affected+num+ipc+current+p3plus,#affected+pct+ipc+current+p3plus,#affected+num+ipc+current+phase1,#affected+pct+ipc+current+phase1,#affected+num+ipc+current+phase2,#affected+pct+ipc+current+phase2,#affected+num+ipc+current+phase3,#affected+pct+ipc+current+phase3,#affected+num+ipc+current+phase4,#affected+pct+ipc+current+phase4,#affected+num+ipc+current+phase5,#affected+pct+ipc+current+phase5,#date+start+first_projection,#date+end+first_projection,#affected+num+ipc+first_projection+total,#affected+num+ipc+first_projection+p3plus,#affected+pct+ipc+first_projection+p3plus,#affected+num+ipc+first_projection+phase1,#affected+pct+ipc+first_projection+phase1,#affected+num+ipc+first_projection+phase2,#affected+pct+ipc+first_projection+phase2,#affected+num+ipc+first_projection+phase3,#affected+pct+ipc+first_projection+phase3,#affected+num+ipc+first_projection+phase4,#affected+pct+ipc+first_projection+phase4,#affected+num+ipc+first_projection+phase5,#affected+pct+ipc+first_projection+phase5,#date+start+second_projection,#date+end+second_projection,#affected+num+ipc+second_projection+total,#affected+num+ipc+second_projection+p3plus,#affected+pct+ipc+second_projection+p3plus,#affected+num+ipc+second_projection+phase1,#affected+pct+ipc+second_projection+phase1,#affected+num+ipc+second_projection+phase2,#affected+pct+ipc+second_projection+phase2,#affected+num+ipc+second_projection+phase3,#affected+pct+ipc+second_projection+phase3,#affected+num+ipc+second_projection+phase4,#affected+pct+ipc+second_projection+phase4,#affected+num+ipc+second_projection+phase5,#affected+pct+ipc+second_projection+phase5
Aug 2024,YEM,10156422,Abyan,2024-07-01,2024-09-30,628929,291883,0.46,157691,0.25,179354,0.29,216418,0.34,75466,0.12,0,0,2024-10-01,2025-03-31,631013,300917,0.48,159280,0.25,170815,0.27,215106,0.34,85811,0.14,0,0,,,,,,,,,,,,,,,
Aug 2024,YEM,10156422,Al Hudaydah,2024-07-01,2024-09-30,172888,88741,0.51,34578,0.2,49570,0.29,54163,0.31,34578,0.2,0,0,2024-10-01,2025-03-31,209030,108547,0.52,41806,0.2,58677,0.28,73161,0.35,35386,0.17,0,0,,,,,,,,,,,,,,,
Aug 2024,YEM,10156422,Hadramaut,2024-07-01,2024-09-30,1741215,636880,0.36,554940,0.32,549395,0.32,541418,0.31,95462,0.05,0,0,2024-10-01,2025-03-31,1744079,656326,0.38,540242,0.31,547511,0.31,587548,0.34,68778,0.04,0,0,,,,,,,,,,,,,,,
Aug 2024,YEM,10156422,Marib,2024-07-01,2024-09-30,1624051,876464,0.54,332614,0.2,414973,0.26,618202,0.38,258262,0.16,0,0,2024-10-01,2025-03-31,1578791,836512,0.53,323458,0.2,418821,0.27,546002,0.35,290510,0.18,0,0,,,,,,,,,,,,,,,
Aug 2024,YEM,10156422,Socotra,2024-07-01,2024-09-30,118295,29574,0.25,44361,0.38,44361,0.37,29574,0.25,0,0,0,0,2024-10-01,2025-03-31,118932,29733,0.25,44600,0.38,44600,0.38,29733,0.25,0,0,0,0,,,,,,,,,,,,,,,
Aug 2024,YEM,10156422,Al Dhale'e,2024-07-01,2024-09-30,506618,239578,0.47,86106,0.17,180934,0.36,152167,0.3,87410,0.17,0,0,2024-10-01,2025-03-31,560363,259209,0.46,94478,0.17,206676,0.37,175407,0.31,83801,0.15,0,0,,,,,,,,,,,,,,,
Aug 2024,YEM,10156422,Al Jawf,2024-07-01,2024-09-30,118380,65109,0.55,23676,0.2,29595,0.25,41433,0.35,23676,0.2,0,0,2024-10-01,2025-03-31,116557,64106,0.55,23311,0.2,29139,0.25,40795,0.35,23311,0.2,0,0,,,,,,,,,,,,,,,
Aug 2024,YEM,10156422,Lahj,2024-07-01,2024-09-30,1132963,513826,0.45,294854,0.26,324283,0.29,352345,0.31,161481,0.14,0,0,2024-10-01,2025-03-31,1169594,486583,0.42,302545,0.26,380467,0.33,368426,0.32,118157,0.1,0,0,,,,,,,,,,,,,,,
Aug 2024,YEM,10156422,Al Maharah,2024-07-01,2024-09-30,198056,71119,0.36,57754,0.29,69183,0.35,56229,0.28,14890,0.08,0,0,2024-10-01,2025-03-31,199304,74195,0.37,51817,0.26,73291,0.37,61708,0.31,12488,0.06,0,0,,,,,,,,,,,,,,,
Aug 2024,YEM,10156422,Taizz,2024-07-01,2024-09-30,1945413,977009,0.5,460199,0.24,508205,0.26,679230,0.35,297779,0.15,0,0,2024-10-01,2025-03-31,1991124,958565,0.48,469754,0.24,562806,0.28,690976,0.35,267589,0.13,0,0,,,,,,,,,,,,,,,
Aug 2024,YEM,10156422,Aden,2024-07-01,2024-09-30,1247013,520787,0.42,335883,0.27,390342,0.31,438675,0.35,82113,0.07,0,0,2024-10-01,2025-03-31,1248228,557812,0.44,301322,0.24,389095,0.31,466170,0.37,91642,0.07,0,0,,,,,,,,,,,,,,,
Aug 2024,YEM,10156422,Shabwah,2024-07-01,2024-09-30,722602,336954,0.47,185705,0.26,199943,0.28,231493,0.32,105462,0.15,0,0,2024-10-01,2025-03-31,720901,302423,0.42,185148,0.26,233330,0.32,247205,0.34,55218,0.08,0,0,,,,,,,,,,,,,,,
Oct 2023,YEM,33733413,Taizz,,,33733413,,,,,,,,,,,,,2023-10-01,2024-02-29,1945413,933943,0.48,529820,0.27,481651,0.25,659619,0.34,274324,0.14,0,0,,,,,,,,,,,,,,,
Oct 2023,YEM,33733413,Al Maharah,,,33733413,,,,,,,,,,,,,2023-10-01,2024-02-29,198056,71667,0.36,65981,0.33,60408,0.31,48213,0.24,23454,0.12,0,0,,,,,,,,,,,,,,,
Oct 2023,YEM,33733413,Al Hudaydah,,,33733413,,,,,,,,,,,,,2023-10-01,2024-02-29,172888,88741,0.51,34578,0.2,49570,0.29,60511,0.35,28230,0.16,0,0,,,,,,,,,,,,,,,
Oct 2023,YEM,33733413,Hadramaut,,,33733413,,,,,,,,,,,,,2023-10-01,2024-02-29,1741215,593222,0.34,483163,0.28,664830,0.38,535516,0.31,57706,0.03,0,0,,,,,,,,,,,,,,,
Oct 2023,YEM,33733413,Marib,,,33733413,,,,,,,,,,,,,2023-10-01,2024-02-29,1624051,954197,0.59,342731,0.21,327124,0.2,632857,0.39,321340,0.2,0,0,,,,,,,,,,,,,,,
Oct 2023,YEM,33733413,Lahj,,,33733413,,,,,,,,,,,,,2023-10-01,2024-02-29,1132963,535886,0.47,301184,0.27,295893,0.26,367544,0.32,168342,0.15,0,0,,,,,,,,,,,,,,,
Oct 2023,YEM,33733413,Abyan,,,33733413,,,,,,,,,,,,,2023-10-01,2024-02-29,628929,275728,0.44,178817,0.28,174383,0.28,195219,0.31,80509,0.13,0,0,,,,,,,,,,,,,,,
Oct 2023,YEM,33733413,Shabwah,,,33733413,,,,,,,,,,,,,2023-10-01,2024-02-29,722602,291459,0.4,219124,0.3,212019,0.29,227013,0.31,64446,0.09,0,0,,,,,,,,,,,,,,,
Oct 2023,YEM,33733413,Al Jawf,,,33733413,,,,,,,,,,,,,2023-10-01,2024-02-29,118380,53271,0.45,35514,0.3,29595,0.25,29595,0.25,23676,0.2,0,0,,,,,,,,,,,,,,,
Oct 2023,YEM,33733413,Aden,,,33733413,,,,,,,,,,,,,2023-10-01,2024-02-29,1247012,473768,0.38,361995,0.29,411249,0.33,345076,0.28,128693,0.1,0,0,,,,,,,,,,,,,,,
Oct 2023,YEM,33733413,Al Dhale'e,,,33733413,,,,,,,,,,,,,2023-10-01,2024-02-29,506618,256341,0.5,117690,0.23,132587,0.26,152808,0.3,103533,0.2,0,0,,,,,,,,,,,,,,,
Oct 2023,YEM,33733413,Socotra,,,33733413,,,,,,,,,,,,,2023-10-01,2024-02-29,75474,30190,0.4,26416,0.35,18869,0.25,26416,0.35,3774,0.05,0,0,,,,,,,,,,,,,,,
Mar 2023,YEM,32627231,Hajjah,2023-01-01,2023-05-31,32627231,0,0,0,0,0,0,0,0,0,0,0,0,2023-06-01,2023-12-31,,0,0,0,0,0,0,0,0,0,0,0,0,,,,,,,,,,,,,,,
Mar 2023,YEM,32627231,Ad Dali`,2023-01-01,2023-05-31,482001,200500,0.41,106500,0.22,174000,0.36,140500,0.29,60000,0.12,0,0,2023-06-01,2023-12-31,482001,241500,0.5,106500,0.22,133000,0.28,150000,0.31,91500,0.19,0,0,,,,,,,,,,,,,,,
Mar 2023,YEM,32627231,Hadramawt,2023-01-01,2023-05-31,1684662,378000,0.22,519000,0.31,789000,0.47,362000,0.21,16000,0.01,0,0,2023-06-01,2023-12-31,1684662,497000,0.3,477000,0.28,709000,0.42,446500,0.27,50500,0.03,0,0,,,,,,,,,,,,,,,
Mar 2023,YEM,32627231,Al Hodeidah,2023-01-01,2023-05-31,119434,42500,0.36,47000,0.39,30500,0.26,30500,0.26,12000,0.1,0,0,2023-06-01,2023-12-31,119434,54500,0.45,23500,0.2,41500,0.35,36000,0.3,18000,0.15,0,0,,,,,,,,,,,,,,,
Mar 2023,YEM,32627231,Sa'dah,2023-01-01,2023-05-31,32627231,0,0,0,0,0,0,0,0,0,0,0,0,2023-06-01,2023-12-31,,0,0,0,0,0,0,0,0,0,0,0,0,,,,,,,,,,,,,,,
Mar 2023,YEM,32627231,Ibb,2023-01-01,2023-05-31,32627231,0,0,0,0,0,0,0,0,0,0,0,0,2023-06-01,2023-12-31,,0,0,0,0,0,0,0,0,0,0,0,0,,,,,,,,,,,,,,,
Mar 2023,YEM,32627231,Abyan,2023-01-01,2023-05-31,664734,240000,0.36,208500,0.31,215500,0.32,188500,0.28,51500,0.08,0,0,2023-06-01,2023-12-31,664734,283000,0.43,197000,0.3,184000,0.28,198000,0.3,85000,0.13,0,0,,,,,,,,,,,,,,,
Mar 2023,YEM,32627231,Ma`rib,2023-01-01,2023-05-31,1388539,685500,0.49,285500,0.21,417500,0.3,422500,0.3,263000,0.19,0,0,2023-06-01,2023-12-31,1388539,754500,0.55,285000,0.21,347500,0.25,479500,0.35,275000,0.2,0,0,,,,,,,,,,,,,,,
Mar 2023,YEM,32627231,Al Bayda,2023-01-01,2023-05-31,32627231,0,0,0,0,0,0,0,0,0,0,0,0,2023-06-01,2023-12-31,,0,0,0,0,0,0,0,0,0,0,0,0,,,,,,,,,,,,,,,
Mar 2023,YEM,32627231,Amran,2023-01-01,2023-05-31,32627231,0,0,0,0,0,0,0,0,0,0,0,0,2023-06-01,2023-12-31,,0,0,0,0,0,0,0,0,0,0,0,0,,,,,,,,,,,,,,,
Mar 2023,YEM,32627231,Aden,2023-01-01,2023-05-31,1152643,306000,0.27,345500,0.3,501000,0.43,254000,0.22,52000,0.05,0,0,2023-06-01,2023-12-31,1152643,402000,0.35,335500,0.29,414000,0.36,297500,0.26,104500,0.09,0,0,,,,,,,,,,,,,,,
Mar 2023,YEM,32627231,Al Maharah,2023-01-01,2023-05-31,200871,45500,0.23,83000,0.41,71500,0.36,40000,0.2,5500,0.03,0,0,2023-06-01,2023-12-31,200871,53000,0.27,75500,0.38,71500,0.36,45500,0.23,7500,0.04,0,0,,,,,,,,,,,,,,,
Mar 2023,YEM,32627231,Al Jawf,2023-01-01,2023-05-31,78128,27500,0.35,23500,0.3,27500,0.35,19500,0.25,8000,0.1,0,0,2023-06-01,2023-12-31,78128,35000,0.45,23500,0.3,19500,0.25,19500,0.25,15500,0.2,0,0,,,,,,,,,,,,,,,
Mar 2023,YEM,32627231,Lahj,2023-01-01,2023-05-31,1150475,403500,0.35,373500,0.32,374500,0.33,288000,0.25,115000,0.1,0,0,2023-06-01,2023-12-31,1150475,480000,0.42,342500,0.3,329500,0.29,318000,0.28,162000,0.14,0,0,,,,,,,,,,,,,,,
Mar 2023,YEM,32627231,Dhamar,2023-01-01,2023-05-31,32627231,0,0,0,0,0,0,0,0,0,0,0,0,2023-06-01,2023-12-31,,0,0,0,0,0,0,0,0,0,0,0,0,,,,,,,,,,,,,,,
Mar 2023,YEM,32627231,Sana'a,2023-01-01,2023-05-31,32627231,0,0,0,0,0,0,0,0,0,0,0,0,2023-06-01,2023-12-31,,0,0,0,0,0,0,0,0,0,0,0,0,,,,,,,,,,,,,,,
Mar 2023,YEM,32627231,Raymah,2023-01-01,2023-05-31,32627231,0,0,0,0,0,0,0,0,0,0,0,0,2023-06-01,2023-12-31,,0,0,0,0,0,0,0,0,0,0,0,0,,,,,,,,,,,,,,,
Mar 2023,YEM,32627231,Al Mahwit,2023-01-01,2023-05-31,32627231,0,0,0,0,0,0,0,0,0,0,0,0,2023-06-01,2023-12-31,,0,0,0,0,0,0,0,0,0,0,0,0,,,,,,,,,,,,,,,
Mar 2023,YEM,32627231,Ta`iz,2023-01-01,2023-05-31,1725377,673000,0.39,487500,0.28,562500,0.33,514500,0.3,158500,0.09,0,0,2023-06-01,2023-12-31,1725377,784000,0.46,471500,0.27,471000,0.27,544500,0.32,239500,0.14,0,0,,,,,,,,,,,,,,,
Mar 2023,YEM,32627231,Sana'a City,2023-01-01,2023-05-31,32627231,0,0,0,0,0,0,0,0,0,0,0,0,2023-06-01,2023-12-31,,0,0,0,0,0,0,0,0,0,0,0,0,,,,,,,,,,,,,,,
Mar 2023,YEM,32627231,Shabwah,2023-01-01,2023-05-31,720755,214500,0.29,225500,0.31,279000,0.39,175500,0.24,39000,0.05,0,0,2023-06-01,2023-12-31,720755,267000,0.37,223500,0.31,228000,0.32,204500,0.28,62500,0.09,0,0,,,,,,,,,,,,,,,
Mar 2023,YEM,32627231,Socotra,2023-01-01,2023-05-31,74106,15500,0.21,30000,0.4,29000,0.39,15500,0.21,0,0,0,0,2023-06-01,2023-12-31,74106,19500,0.26,30000,0.4,25000,0.34,19500,0.26,0,0,0,0,,,,,,,,,,,,,,,
Aug 2022,YEM,31900000,Amran,,,31900000,,,,,,,,,,,,,2022-10-01,2022-12-31,1253007,701500,0.56,225000,0.18,327000,0.26,463500,0.37,238000,0.19,0,0,,,,,,,,,,,,,,,
Aug 2022,YEM,31900000,Al Bayda,,,31900000,,,,,,,,,,,,,2022-10-01,2022-12-31,813749,422000,0.52,167000,0.21,225000,0.28,285000,0.35,137000,0.17,0,0,,,,,,,,,,,,,,,
Aug 2022,YEM,31900000,Raymah,,,31900000,,,,,,,,,,,,,2022-10-01,2022-12-31,592069,319000,0.54,102500,0.17,170000,0.29,204000,0.35,115000,0.19,0,0,,,,,,,,,,,,,,,
Aug 2022,YEM,31900000,Hadramaut,,,31900000,,,,,,,,,,,,,2022-10-01,2022-12-31,1643043,548000,0.33,544000,0.33,548000,0.33,396000,0.24,152000,0.09,0,0,,,,,,,,,,,,,,,
Aug 2022,YEM,31900000,Al Mahwit,,,31900000,,,,,,,,,,,,,2022-10-01,2022-12-31,804472,439000,0.55,142500,0.18,222500,0.28,286000,0.36,153000,0.19,0,0,,,,,,,,,,,,,,,
Aug 2022,YEM,31900000,Sana'a,,,31900000,,,,,,,,,,,,,2022-10-01,2022-12-31,1138450,608500,0.53,205500,0.18,325000,0.29,387500,0.34,221000,0.19,0,0,,,,,,,,,,,,,,,
Aug 2022,YEM,31900000,Taizz,,,31900000,,,,,,,,,,,,,2022-10-01,2022-12-31,3203121,1523000,0.48,564500,0.18,1113000,0.35,918000,0.29,605000,0.19,0,0,,,,,,,,,,,,,,,
Aug 2022,YEM,31900000,Al Jawf,,,31900000,,,,,,,,,,,,,2022-10-01,2022-12-31,621589,350500,0.56,110000,0.18,159500,0.26,212000,0.34,138500,0.22,0,0,,,,,,,,,,,,,,,
Aug 2022,YEM,31900000,Hajjah,,,31900000,,,,,,,,,,,,,2022-10-01,2022-12-31,2428326,1587500,0.61,350000,0.14,643500,0.25,988000,0.38,599500,0.23,0,0,,,,,,,,,,,,,,,
Aug 2022,YEM,31900000,Aden,,,31900000,,,,,,,,,,,,,2022-10-01,2022-12-31,1118612,567500,0.51,247000,0.22,305000,0.27,358000,0.32,209500,0.19,0,0,,,,,,,,,,,,,,,
Aug 2022,YEM,31900000,Amanat Al Asimah,,,31900000,,,,,,,,,,,,,2022-10-01,2022-12-31,3869414,2127500,0.55,679000,0.18,1063000,0.27,1341500,0.35,786000,0.2,0,0,,,,,,,,,,,,,,,
Aug 2022,YEM,31900000,Abyan,,,31900000,,,,,,,,,,,,,2022-10-01,2022-12-31,652041,348500,0.53,144000,0.22,160500,0.25,226000,0.35,122500,0.19,0,0,,,,,,,,,,,,,,,
Aug 2022,YEM,31900000,Dhamar,,,31900000,,,,,,,,,,,,,2022-10-01,2022-12-31,2299288,1373500,0.6,381000,0.17,543500,0.24,893500,0.39,480000,0.21,0,0,,,,,,,,,,,,,,,
Aug 2022,YEM,31900000,Marib,,,31900000,,,,,,,,,,,,,2022-10-01,2022-12-31,1072048,672500,0.63,170000,0.16,230000,0.22,419000,0.39,253500,0.24,0,0,,,,,,,,,,,,,,,
Aug 2022,YEM,31900000,Lahj,,,31900000,,,,,,,,,,,,,2022-10-01,2022-12-31,1129754,505500,0.45,312500,0.28,312000,0.28,292500,0.26,213000,0.19,0,0,,,,,,,,,,,,,,,
Aug 2022,YEM,31900000,Sa'ada,,,31900000,,,,,,,,,,,,,2022-10-01,2022-12-31,1004816,633500,0.63,128000,0.13,244500,0.24,470000,0.47,163500,0.16,0,0,,,,,,,,,,,,,,,
Aug 2022,YEM,31900000,Al Maharah,,,31900000,,,,,,,,,,,,,2022-10-01,2022-12-31,193822,64500,0.33,65500,0.34,63000,0.32,48000,0.25,16500,0.09,0,0,,,,,,,,,,,,,,,
Aug 2022,YEM,31900000,Al Hudaydah,,,31900000,,,,,,,,,,,,,2022-10-01,2022-12-31,3158168,1736000,0.55,443000,0.14,979500,0.31,1083000,0.34,653000,0.21,0,0,,,,,,,,,,,,,,,
Aug 2022,YEM,31900000,Ibb,,,31900000,,,,,,,,,,,,,2022-10-01,2022-12-31,3244038,1474000,0.45,763000,0.24,1006500,0.31,978500,0.3,495500,0.15,0,0,,,,,,,,,,,,,,,
Aug 2022,YEM,31900000,Shabwah,,,31900000,,,,,,,,,,,,,2022-10-01,2022-12-31,707408,367000,0.52,159000,0.22,183000,0.26,260500,0.37,106500,0.15,0,0,,,,,,,,,,,,,,,
Aug 2022,YEM,31900000,Al Dhale'e,,,31900000,,,,,,,,,,,,,2022-10-01,2022-12-31,869050,503000,0.58,171000,0.2,194000,0.22,290000,0.33,213000,0.25,0,0,,,,,,,,,,,,,,,
Aug 2022,YEM,31900000,Socotra,,,31900000,,,,,,,,,,,,,2022-10-01,2022-12-31,72422,39500,0.55,17500,0.24,15000,0.21,31500,0.44,8000,0.11,0,0,,,,,,,,,,,,,,,
Feb 2022,YEM,31900000,Abyan,2022-01-01,2022-05-31,619003,293915,0.48,144532,0.23,180556,0.29,210157,0.34,83758,0.14,0,0,2022-06-01,2022-12-31,619003,353436,0.58,125014,0.2,140553,0.23,238728,0.39,114708,0.19,0,0,,,,,,,,,,,,,,,
Feb 2022,YEM,31900000,Al Hudaydah,2022-01-01,2022-05-31,3653999,2499782,0.68,402794,0.11,751423,0.21,1615525,0.44,884257,0.24,0,0,2022-06-01,2022-12-31,3653999,2737327,0.74,334195,0.09,582477,0.16,1620170,0.44,1072512,0.29,44645,0.01,,,,,,,,,,,,,,,
Feb 2022,YEM,31900000,Amanat Al Asimah,2022-01-01,2022-05-31,3981000,2179296,0.55,600965,0.15,1200740,0.3,1430265,0.36,749031,0.19,0,0,2022-06-01,2022-12-31,3981000,2371248,0.6,600965,0.15,1008788,0.25,1456549,0.37,892378,0.22,22321,0.01,,,,,,,,,,,,,,,
Feb 2022,YEM,31900000,Sana'a,2022-01-01,2022-05-31,1231000,642988,0.53,232745,0.19,355266,0.29,476611,0.39,166377,0.14,0,0,2022-06-01,2022-12-31,1231000,697274,0.56,232745,0.19,300981,0.24,456158,0.37,240023,0.19,1093,0,,,,,,,,,,,,,,,
Feb 2022,YEM,31900000,Al Bayda,2022-01-01,2022-05-31,830001,417086,0.5,167476,0.2,245439,0.3,297879,0.36,119207,0.14,0,0,2022-06-01,2022-12-31,830001,444435,0.54,167476,0.2,218090,0.26,289487,0.35,154948,0.19,0,0,,,,,,,,,,,,,,,
Feb 2022,YEM,31900000,Ibb,2022-01-01,2022-05-31,3117999,1361684,0.44,715347,0.23,1040968,0.33,939133,0.3,422551,0.14,0,0,2022-06-01,2022-12-31,3117999,1530354,0.49,707043,0.23,880602,0.28,965510,0.31,564844,0.18,0,0,,,,,,,,,,,,,,,
Feb 2022,YEM,31900000,Raymah,2022-01-01,2022-05-31,642000,435028,0.68,62488,0.1,144484,0.23,305528,0.48,129500,0.2,0,0,2022-06-01,2022-12-31,642000,461886,0.72,62488,0.1,117625,0.18,288524,0.45,167293,0.26,6069,0.01,,,,,,,,,,,,,,,
Feb 2022,YEM,31900000,Hadramaut,2022-01-01,2022-05-31,1618329,486516,0.3,590191,0.36,541622,0.33,403607,0.25,82908,0.05,0,0,2022-06-01,2022-12-31,1618329,647421,0.4,481832,0.3,489076,0.3,501601,0.31,145820,0.09,0,0,,,,,,,,,,,,,,,
Feb 2022,YEM,31900000,Taizz,2022-01-01,2022-05-31,3487612,1787243,0.51,622637,0.18,1077732,0.31,1165767,0.33,621476,0.18,0,0,2022-06-01,2022-12-31,3487612,1908508,0.55,622637,0.18,956467,0.27,1103277,0.32,805232,0.23,0,0,,,,,,,,,,,,,,,
Feb 2022,YEM,31900000,Al Jawf,2022-01-01,2022-05-31,645000,417882,0.65,89255,0.14,137863,0.21,278047,0.43,139836,0.22,0,0,2022-06-01,2022-12-31,645000,445547,0.69,89255,0.14,110198,0.17,261071,0.4,174284,0.27,10193,0.02,,,,,,,,,,,,,,,
Feb 2022,YEM,31900000,Hajjah,2022-01-01,2022-05-31,2237339,1574476,0.7,259986,0.12,402877,0.18,997680,0.45,545593,0.24,31202,0.01,2022-06-01,2022-12-31,2237339,1680430,0.75,247145,0.11,309765,0.14,955656,0.43,676071,0.3,48703,0.02,,,,,,,,,,,,,,,
Feb 2022,YEM,31900000,Shabwah,2022-01-01,2022-05-31,698001,328180,0.47,187286,0.27,182535,0.26,222146,0.32,106034,0.15,0,0,2022-06-01,2022-12-31,698001,368918,0.53,160410,0.23,168673,0.24,234438,0.34,134480,0.19,0,0,,,,,,,,,,,,,,,
Feb 2022,YEM,31900000,Aden,2022-01-01,2022-05-31,1083001,474079,0.43,257124,0.24,351798,0.32,319192,0.29,154887,0.14,0,0,2022-06-01,2022-12-31,1083001,534392,0.5,244933,0.23,303676,0.28,325895,0.3,200916,0.19,7581,0.01,,,,,,,,,,,,,,,
Feb 2022,YEM,31900000,Al Maharah,2022-01-01,2022-05-31,180000,33832,0.19,81654,0.45,64514,0.36,26629,0.15,7203,0.04,0,0,2022-06-01,2022-12-31,180000,49973,0.28,68738,0.38,61289,0.34,41146,0.23,8827,0.05,0,0,,,,,,,,,,,,,,,
Feb 2022,YEM,31900000,Lahj,2022-01-01,2022-05-31,1091000,420704,0.39,309588,0.28,360708,0.33,281299,0.26,139405,0.13,0,0,2022-06-01,2022-12-31,1091000,466399,0.43,299053,0.27,325547,0.3,272405,0.25,193995,0.18,0,0,,,,,,,,,,,,,,,
Feb 2022,YEM,31900000,Socotra,2022-01-01,2022-05-31,73673,22945,0.31,27783,0.38,22945,0.31,18418,0.25,4527,0.06,0,0,2022-06-01,2022-12-31,73673,31156,0.42,20415,0.28,22102,0.3,25786,0.35,5370,0.07,0,0,,,,,,,,,,,,,,,
Feb 2022,YEM,31900000,Al Dhale'e,2022-01-01,2022-05-31,835000,436659,0.52,173503,0.21,224838,0.27,269428,0.32,167231,0.2,0,0,2022-06-01,2022-12-31,835000,480459,0.58,162971,0.2,191570,0.23,271478,0.33,205620,0.25,3361,0,,,,,,,,,,,,,,,
Feb 2022,YEM,31900000,Marib,2022-01-01,2022-05-31,376086,203894,0.54,72266,0.19,99927,0.27,140871,0.37,63022,0.17,0,0,2022-06-01,2022-12-31,376086,239307,0.64,61717,0.16,75062,0.2,146668,0.39,92639,0.25,0,0,,,,,,,,,,,,,,,
Feb 2022,YEM,31900000,Amran,2022-01-01,2022-05-31,1102001,701541,0.64,170944,0.16,229516,0.21,484674,0.44,216867,0.2,0,0,2022-06-01,2022-12-31,1102001,772783,0.7,155448,0.14,173770,0.16,491461,0.45,269741,0.24,11581,0.01,,,,,,,,,,,,,,,
Feb 2022,YEM,31900000,Dhamar,2022-01-01,2022-05-31,2170000,1357786,0.63,333845,0.15,478369,0.22,944326,0.44,413461,0.19,0,0,2022-06-01,2022-12-31,2170000,1435083,0.66,329805,0.15,405112,0.19,906399,0.42,528685,0.24,0,0,,,,,,,,,,,,,,,
Feb 2022,YEM,31900000,Al Mahwit,2022-01-01,2022-05-31,781000,474110,0.61,126301,0.16,180589,0.23,308976,0.4,165135,0.21,0,0,2022-06-01,2022-12-31,781000,528403,0.68,111058,0.14,141539,0.18,313600,0.4,210114,0.27,4689,0.01,,,,,,,,,,,,,,,
Feb 2022,YEM,31900000,Sa'ada,2022-01-01,2022-05-31,1258002,819314,0.65,155466,0.12,283221,0.23,583997,0.46,235318,0.19,0,0,2022-06-01,2022-12-31,1258002,880125,0.7,155466,0.12,222411,0.18,582508,0.46,297617,0.24,0,0,,,,,,,,,,,,,,,
Feb 2022,YEM,31900000,Yemen,2022-01-01,2022-05-31,31900000,17365500,0.55,5784500,0.18,8557000,0.27,11715000,0.37,5619500,0.18,31000,0,2022-06-01,2022-12-31,31900000,19013500,0.6,5470000,0.17,7218500,0.23,11712000,0.37,7140500,0.23,161000,0,,,,,,,,,,,,,,,
Nov 2020,YEM,30041712,Hadramaut,2020-10-01,2020-12-31,1510895,260500,0.17,427500,0.28,824500,0.55,241000,0.16,19500,0.01,0,0,2021-01-01,2021-06-30,1510895,388500,0.26,357500,0.24,766500,0.51,346000,0.23,42500,0.03,0,0,,,,,,,,,,,,,,,
Nov 2020,YEM,30041712,Al Hudaydah,2020-10-01,2020-12-31,2985122,1370000,0.46,667500,0.22,950500,0.32,924000,0.31,446000,0.15,0,0,2021-01-01,2021-06-30,2985122,1675500,0.56,550000,0.18,763000,0.26,1106500,0.37,569000,0.19,0,0,,,,,,,,,,,,,,,
Nov 2020,YEM,30041712,Hajjah,2020-10-01,2020-12-31,2510327,1427500,0.57,379500,0.15,704000,0.28,1014000,0.4,410500,0.16,3000,0,2021-01-01,2021-06-30,2510327,1687500,0.67,269000,0.11,556500,0.22,1023000,0.41,649000,0.26,15500,0.01,,,,,,,,,,,,,,,
Nov 2020,YEM,30041712,Abyan,2020-10-01,2020-12-31,615154,304500,0.49,123500,0.2,185500,0.3,206500,0.34,98000,0.16,0,0,2021-01-01,2021-06-30,615154,336000,0.55,98000,0.16,180500,0.29,223000,0.36,113000,0.18,0,0,,,,,,,,,,,,,,,
Nov 2020,YEM,30041712,Shabwah,2020-10-01,2020-12-31,665881,311500,0.47,121500,0.18,234500,0.35,237000,0.35,74500,0.11,0,0,2021-01-01,2021-06-30,665881,320500,0.48,121000,0.18,224500,0.34,216000,0.32,104500,0.16,0,0,,,,,,,,,,,,,,,
Nov 2020,YEM,30041712,Marib,2020-10-01,2020-12-31,495634,243500,0.49,76000,0.15,175500,0.35,175500,0.35,68000,0.14,0,0,2021-01-01,2021-06-30,495634,302000,0.61,49500,0.1,144000,0.29,208000,0.42,94000,0.19,0,0,,,,,,,,,,,,,,,
Nov 2020,YEM,30041712,Al Bayda,2020-10-01,2020-12-31,775404,340000,0.44,196000,0.25,241000,0.31,245500,0.32,94500,0.12,0,0,2021-01-01,2021-06-30,775404,393500,0.51,162500,0.21,221000,0.28,277500,0.36,116000,0.15,0,0,,,,,,,,,,,,,,,
Nov 2020,YEM,30041712,Amran,2020-10-01,2020-12-31,1205960,701000,0.58,177500,0.15,327500,0.27,500500,0.41,197000,0.16,3500,0,2021-01-01,2021-06-30,1205960,807500,0.67,125000,0.1,274000,0.23,533500,0.44,262000,0.22,12000,0.01,,,,,,,,,,,,,,,
Nov 2020,YEM,30041712,Al Dhale'e,2020-10-01,2020-12-31,779656,387000,0.5,180500,0.23,211500,0.27,253000,0.33,134000,0.17,0,0,2021-01-01,2021-06-30,779656,440500,0.56,159000,0.2,179000,0.23,284500,0.37,156000,0.2,0,0,,,,,,,,,,,,,,,
Nov 2020,YEM,30041712,Aden,2020-10-01,2020-12-31,997308,375000,0.38,260500,0.26,361000,0.36,274500,0.28,100500,0.1,0,0,2021-01-01,2021-06-30,997308,485500,0.49,203000,0.2,308500,0.31,341000,0.34,144500,0.15,0,0,,,,,,,,,,,,,,,
Nov 2020,YEM,30041712,Sa'ada,2020-10-01,2020-12-31,981401,622500,0.63,138500,0.14,220000,0.22,440500,0.45,182000,0.18,0,0,2021-01-01,2021-06-30,981401,669000,0.68,108000,0.11,201500,0.2,431500,0.44,237500,0.24,0,0,,,,,,,,,,,,,,,
Nov 2020,YEM,30041712,Ibb,2020-10-01,2020-12-31,3080130,1179000,0.38,909500,0.3,992000,0.32,819000,0.27,360000,0.12,0,0,2021-01-01,2021-06-30,3080130,1508500,0.49,741000,0.24,832500,0.27,980500,0.32,528000,0.17,0,0,,,,,,,,,,,,,,,
Nov 2020,YEM,30041712,Al Maharah,2020-10-01,2020-12-31,169327,41000,0.24,33000,0.19,96000,0.57,34000,0.2,7000,0.04,0,0,2021-01-01,2021-06-30,169327,52000,0.31,27000,0.16,91500,0.54,41500,0.24,10500,0.06,0,0,,,,,,,,,,,,,,,
Nov 2020,YEM,30041712,Al Jawf,2020-10-01,2020-12-31,603816,378500,0.63,77000,0.13,149500,0.25,242500,0.4,126000,0.21,10000,0.02,2021-01-01,2021-06-30,603816,435500,0.72,51500,0.09,118000,0.2,254000,0.42,162000,0.27,19500,0.03,,,,,,,,,,,,,,,
Nov 2020,YEM,30041712,Lahj,2020-10-01,2020-12-31,1058219,302000,0.29,348000,0.33,405500,0.38,222500,0.21,79500,0.08,0,0,2021-01-01,2021-06-30,1058219,354500,0.33,303500,0.29,398000,0.38,271500,0.26,83000,0.08,0,0,,,,,,,,,,,,,,,
Nov 2020,YEM,30041712,Dhamar,2020-10-01,2020-12-31,2176229,1076500,0.49,405000,0.19,696000,0.32,769500,0.35,307000,0.14,0,0,2021-01-01,2021-06-30,2176229,1310500,0.6,346500,0.16,521500,0.24,866500,0.4,444000,0.2,0,0,,,,,,,,,,,,,,,
Nov 2020,YEM,30041712,Sana'a,2020-10-01,2020-12-31,1469960,702000,0.48,281000,0.19,488000,0.33,580000,0.39,122000,0.08,0,0,2021-01-01,2021-06-30,1469960,775500,0.53,209000,0.14,486500,0.33,610500,0.41,165000,0.11,0,0,,,,,,,,,,,,,,,
Nov 2020,YEM,30041712,Raymah,2020-10-01,2020-12-31,646854,400500,0.62,97000,0.15,149500,0.23,274500,0.42,126000,0.2,0,0,2021-01-01,2021-06-30,646854,465000,0.72,64500,0.1,116500,0.18,295000,0.46,170000,0.26,0,0,,,,,,,,,,,,,,,
Nov 2020,YEM,30041712,Al Mahwit,2020-10-01,2020-12-31,774511,397000,0.51,142000,0.18,234000,0.3,291000,0.38,106000,0.14,0,0,2021-01-01,2021-06-30,774511,462500,0.6,115500,0.15,196500,0.25,318000,0.41,144500,0.19,0,0,,,,,,,,,,,,,,,
Nov 2020,YEM,30041712,Taizz,2020-10-01,2020-12-31,3065034,1252000,0.41,611500,0.2,1199000,0.39,873000,0.28,379000,0.12,0,0,2021-01-01,2021-06-30,3065034,1633500,0.53,440500,0.14,989500,0.32,1094000,0.36,539500,0.18,0,0,,,,,,,,,,,,,,,
Nov 2020,YEM,30041712,Amanat Al Asimah,2020-10-01,2020-12-31,3406643,1373000,0.4,879000,0.26,1154500,0.34,1172500,0.34,200500,0.06,0,0,2021-01-01,2021-06-30,3406643,1608500,0.47,743500,0.22,1054500,0.31,1295500,0.38,313000,0.09,0,0,,,,,,,,,,,,,,,
Nov 2020,YEM,30041712,Socotra,2020-10-01,2020-12-31,68247,35000,0.51,13000,0.19,20500,0.3,24500,0.36,10500,0.15,0,0,2021-01-01,2021-06-30,68247,35000,0.51,13000,0.19,20500,0.3,24500,0.36,10500,0.15,0,0,,,,,,,,,,,,,,,
Jun 2020,YEM,29826000,Al Hudaydah,2020-02-01,2020-04-30,190378,53216,0.28,54134,0.28,83028,0.44,37556,0.2,15661,0.08,0,0,2020-07-01,2020-12-31,190378,90380,0.47,38504,0.2,61494,0.32,61823,0.32,28557,0.15,0,0,,,,,,,,,,,,,,,
Jun 2020,YEM,29826000,Shabwah,2020-02-01,2020-04-30,665881,248955,0.37,152769,0.23,264157,0.4,206301,0.31,42654,0.06,0,0,2020-07-01,2020-12-31,665881,297138,0.44,121829,0.18,246915,0.37,229097,0.34,68041,0.1,0,0,,,,,,,,,,,,,,,
Jun 2020,YEM,29826000,Al Bayda,2020-02-01,2020-04-30,101768,46964,0.47,20404,0.2,34400,0.34,34221,0.34,12743,0.13,0,0,2020-07-01,2020-12-31,101768,57672,0.57,17153,0.17,26943,0.26,34752,0.34,22920,0.23,0,0,,,,,,,,,,,,,,,
Jun 2020,YEM,29826000,Al Jawf,2020-02-01,2020-04-30,72592,24902,0.34,13338,0.18,34352,0.47,21272,0.29,3630,0.05,0,0,2020-07-01,2020-12-31,72592,36890,0.51,12922,0.18,22780,0.31,26294,0.36,10596,0.15,0,0,,,,,,,,,,,,,,,
Jun 2020,YEM,29826000,Al Dhale'e,2020-02-01,2020-04-30,513665,121666,0.24,163698,0.32,228301,0.44,85307,0.17,36359,0.07,0,0,2020-07-01,2020-12-31,513665,240481,0.47,111915,0.22,161269,0.31,148160,0.29,92321,0.18,0,0,,,,,,,,,,,,,,,
Jun 2020,YEM,29826000,Taizz,2020-02-01,2020-04-30,1547174,429000,0.28,426807,0.28,690920,0.45,317331,0.21,112117,0.07,0,0,2020-07-01,2020-12-31,1547174,590000,0.38,356781,0.23,599497,0.39,380558,0.25,210338,0.14,0,0,,,,,,,,,,,,,,,
Jun 2020,YEM,29826000,Marib,2020-02-01,2020-04-30,426133,140912,0.33,106108,0.25,179113,0.42,103715,0.24,37197,0.09,0,0,2020-07-01,2020-12-31,426133,207000,0.49,64845,0.15,154122,0.36,151579,0.36,55587,0.13,0,0,,,,,,,,,,,,,,,
Jun 2020,YEM,29826000,Hadramaut,2020-02-01,2020-04-30,1510895,239363,0.16,427481,0.28,844051,0.56,231295,0.15,8067,0.01,0,0,2020-07-01,2020-12-31,1510895,465500,0.31,263162,0.17,782601,0.52,353617,0.23,111514,0.07,0,0,,,,,,,,,,,,,,,
Jun 2020,YEM,29826000,Abyan,2020-02-01,2020-04-30,615154,190334,0.31,170316,0.28,254505,0.41,141521,0.23,48813,0.08,0,0,2020-07-01,2020-12-31,615154,305168,0.5,123282,0.2,186704,0.3,203481,0.33,101688,0.17,0,0,,,,,,,,,,,,,,,
Jun 2020,YEM,29826000,Lahj,2020-02-01,2020-04-30,1058219,249000,0.24,394940,0.37,414568,0.39,172231,0.16,76479,0.07,0,0,2020-07-01,2020-12-31,1058219,487500,0.46,284400,0.27,284585,0.27,366383,0.35,122852,0.12,0,0,,,,,,,,,,,,,,,
Jun 2020,YEM,29826000,Aden,2020-02-01,2020-04-30,997308,223022,0.22,298177,0.3,476110,0.48,143318,0.14,79704,0.08,0,0,2020-07-01,2020-12-31,997308,360432,0.36,272293,0.27,364584,0.37,263701,0.26,96730,0.1,0,0,,,,,,,,,,,,,,,
Jun 2020,YEM,29826000,Al Maharah,2020-02-01,2020-04-30,169327,9104,0.05,60937,0.36,99287,0.59,8552,0.05,552,0,0,0,2020-07-01,2020-12-31,169327,39951,0.24,32457,0.19,96920,0.57,33666,0.2,6284,0.04,0,0,,,,,,,,,,,,,,,
Jun 2020,YEM,29826000,Socotra,2020-02-01,2020-04-30,68247,31485,0.46,15514,0.23,21248,0.31,21248,0.31,10237,0.15,0,0,2020-07-01,2020-12-31,68247,34897,0.51,12876,0.19,20474,0.3,24660,0.36,10237,0.15,0,0,,,,,,,,,,,,,,,
Jun 2019,YEM,30041712,Hajjah,2019-07-01,2019-09-30,452791,288177,0.64,49435,0.11,115179,0.25,179156,0.4,109021,0.24,0,0,,,,,,,,,,,,,,,,,,,,,,,,,,,,,,
Jun 2019,YEM,30041712,Sa'ada,2019-07-01,2019-09-30,150392,75196,0.5,30078,0.2,45118,0.3,52637,0.35,22559,0.15,0,0,,,,,,,,,,,,,,,,,,,,,,,,,,,,,,
Jun 2019,YEM,30041712,Ibb,2019-07-01,2019-09-30,146630,65984,0.45,29326,0.2,51321,0.35,43989,0.3,21995,0.15,0,0,,,,,,,,,,,,,,,,,,,,,,,,,,,,,,
Jun 2019,YEM,30041712,Al Hudaydah,2019-07-01,2019-09-30,198241,101320,0.51,28614,0.14,58099,0.29,74812,0.38,26508,0.13,0,0,,,,,,,,,,,,,,,,,,,,,,,,,,,,,,
Jun 2019,YEM,30041712,Taizz,2019-07-01,2019-09-30,594514,316594,0.53,77645,0.13,197343,0.33,219490,0.37,97104,0.16,0,0,,,,,,,,,,,,,,,,,,,,,,,,,,,,,,
Jun 2019,YEM,30041712,Al Bayda,2019-07-01,2019-09-30,25144,7543,0.3,4023,0.16,10058,0.4,7543,0.3,0,0,0,0,,,,,,,,,,,,,,,,,,,,,,,,,,,,,,
Jun 2019,YEM,30041712,Hadramaut,2019-07-01,2019-09-30,9315,2981,0.32,1490,0.16,3540,0.38,2981,0.32,0,0,0,0,,,,,,,,,,,,,,,,,,,,,,,,,,,,,,
Jun 2019,YEM,30041712,Aden,2019-07-01,2019-09-30,144666,65100,0.45,28933,0.2,50633,0.35,43400,0.3,21700,0.15,0,0,,,,,,,,,,,,,,,,,,,,,,,,,,,,,,
Jun 2019,YEM,30041712,Abyan,2019-07-01,2019-09-30,229081,95114,0.41,45610,0.2,86925,0.38,69141,0.3,25973,0.11,0,0,,,,,,,,,,,,,,,,,,,,,,,,,,,,,,
Jun 2019,YEM,30041712,Lahj,2019-07-01,2019-09-30,37439,9360,0.25,7488,0.2,20591,0.55,7488,0.2,1872,0.05,0,0,,,,,,,,,,,,,,,,,,,,,,,,,,,,,,
Jun 2019,YEM,30041712,Amran,2019-07-01,2019-09-30,188808,94048,0.5,31750,0.17,62702,0.33,65444,0.35,28604,0.15,0,0,,,,,,,,,,,,,,,,,,,,,,,,,,,,,,
Jun 2019,YEM,30041712,Al Dhale'e,2019-07-01,2019-09-30,64847,35666,0.55,9727,0.15,19454,0.3,25939,0.4,9727,0.15,0,0,,,,,,,,,,,,,,,,,,,,,,,,,,,,,,
Jun 2019,YEM,30041712,Al Mahwit,2019-07-01,2019-09-30,138925,69463,0.5,20839,0.15,48624,0.35,48624,0.35,20839,0.15,0,0,,,,,,,,,,,,,,,,,,,,,,,,,,,,,,
Dec 2018,YEM,29884585,Al Dhalee,2018-12-01,2019-01-31,779656,425500,0.55,122000,0.16,232500,0.3,295000,0.38,129000,0.17,1500,0,,,,,,,,,,,,,,,,,,,,,,,,,,,,,,
Dec 2018,YEM,29884585,Amanat Al Asimah,2018-12-01,2019-01-31,3406643,1783000,0.52,606500,0.18,1017000,0.3,1375000,0.4,408000,0.12,0,0,,,,,,,,,,,,,,,,,,,,,,,,,,,,,,
Dec 2018,YEM,29884585,Dhamar,2018-12-01,2019-01-31,2176229,1216500,0.56,411500,0.19,548000,0.25,785000,0.36,431500,0.2,0,0,,,,,,,,,,,,,,,,,,,,,,,,,,,,,,
Dec 2018,YEM,29884585,Al Bayda,2018-12-01,2019-01-31,775404,436500,0.56,91500,0.12,247500,0.32,315500,0.41,119500,0.15,1500,0,,,,,,,,,,,,,,,,,,,,,,,,,,,,,,
Dec 2018,YEM,29884585,Hadramaut,2018-12-01,2019-01-31,1510895,560000,0.37,372000,0.25,579500,0.38,414500,0.27,145500,0.1,0,0,,,,,,,,,,,,,,,,,,,,,,,,,,,,,,
Dec 2018,YEM,29884585,Ibb,2018-12-01,2019-01-31,3080130,1442000,0.47,573500,0.19,1064500,0.35,1020500,0.33,421500,0.14,0,0,,,,,,,,,,,,,,,,,,,,,,,,,,,,,,
Dec 2018,YEM,29884585,Al Jawf,2018-12-01,2019-01-31,603816,275000,0.45,111500,0.18,217000,0.36,188000,0.31,87000,0.14,0,0,,,,,,,,,,,,,,,,,,,,,,,,,,,,,,
Dec 2018,YEM,29884585,Saada,2018-12-01,2019-01-31,961547,621000,0.64,110000,0.11,231000,0.24,427500,0.44,186500,0.19,7000,0.01,,,,,,,,,,,,,,,,,,,,,,,,,,,,,,
Dec 2018,YEM,29884585,Lahj,2018-12-01,2019-01-31,1058219,586000,0.55,172500,0.16,300000,0.28,426000,0.4,160000,0.15,0,0,,,,,,,,,,,,,,,,,,,,,,,,,,,,,,
Dec 2018,YEM,29884585,Al Hudaydah,2018-12-01,2019-01-31,2985122,1691000,0.57,526500,0.18,767500,0.26,1126500,0.38,558500,0.19,6000,0,,,,,,,,,,,,,,,,,,,,,,,,,,,,,,
Dec 2018,YEM,29884585,Amran,2018-12-01,2019-01-31,1205960,715500,0.59,184000,0.15,306500,0.25,451000,0.37,253500,0.21,11000,0.01,,,,,,,,,,,,,,,,,,,,,,,,,,,,,,
Dec 2018,YEM,29884585,Marib,2018-12-01,2019-01-31,463631,203500,0.44,124240,0.27,136000,0.29,126000,0.27,77500,0.17,0,0,,,,,,,,,,,,,,,,,,,,,,,,,,,,,,
Dec 2018,YEM,29884585,Taizz,2018-12-01,2019-01-31,3065034,1739000,0.57,433000,0.14,892500,0.29,1186000,0.39,542500,0.18,10500,0,,,,,,,,,,,,,,,,,,,,,,,,,,,,,,
Dec 2018,YEM,29884585,Hajjah,2018-12-01,2019-01-31,2405057,1592000,0.66,271500,0.11,541500,0.23,994000,0.41,579000,0.24,19000,0.01,,,,,,,,,,,,,,,,,,,,,,,,,,,,,,
Dec 2018,YEM,29884585,Abyan,2018-12-01,2019-01-31,615154,258500,0.42,125000,0.2,232000,0.38,179000,0.29,79500,0.13,0,0,,,,,,,,,,,,,,,,,,,,,,,,,,,,,,
Dec 2018,YEM,29884585,Raymah,2018-12-01,2019-01-31,646854,301000,0.47,147500,0.23,198500,0.31,217500,0.34,83500,0.13,0,0,,,,,,,,,,,,,,,,,,,,,,,,,,,,,,
Dec 2018,YEM,29884585,Sanaa,2018-12-01,2019-01-31,1469960,691000,0.47,258500,0.18,520500,0.35,474000,0.32,217000,0.15,0,0,,,,,,,,,,,,,,,,,,,,,,,,,,,,,,
Dec 2018,YEM,29884585,Al Maharah,2018-12-01,2019-01-31,169327,49500,0.3,53000,0.31,66500,0.39,31500,0.19,18000,0.11,0,0,,,,,,,,,,,,,,,,,,,,,,,,,,,,,,
Dec 2018,YEM,29884585,Shabwah,2018-12-01,2019-01-31,665881,369000,0.56,99500,0.15,197500,0.3,244500,0.37,124500,0.19,0,0,,,,,,,,,,,,,,,,,,,,,,,,,,,,,,
Dec 2018,YEM,29884585,Al Mahwit,2018-12-01,2019-01-31,774511,447500,0.58,127000,0.16,200000,0.26,287000,0.37,153500,0.2,7000,0.01,,,,,,,,,,,,,,,,,,,,,,,,,,,,,,
Dec 2018,YEM,29884585,Aden,2018-12-01,2019-01-31,997308,458500,0.46,181500,0.18,357000,0.36,284500,0.29,174000,0.17,0,0,,,,,,,,,,,,,,,,,,,,,,,,,,,,,,
Dec 2018,YEM,29884585,Socotra,2018-12-01,2019-01-31,68247,38374,0.57,7500,0.11,21867,0.32,30874,0.45,7500,0.12,0,0,,,,,,,,,,,,,,,,,,,,,,,,,,,,,,
